Danger_Score,MMSI_A,MMSI_B,Distance_NM,Distance_Meters,TS_A,Latitude,Longitude,SOG_A,SOG_B,Delta_SOG_1,Delta_SOG_2,Delta_COG_1,Delta_COG_2,Report_Interval_Sec_1,File_Source
165,219021240,232018267,0.04034781540656343,74.7,2021-12-13 02:27:29,55.223082,14.244318,10.3,11.1,4.2,-0.7,35.5,0.9,11,part-00027-c95f162d-b789-41f7-88bb-629477da8384.c000.snappy.parquet
85,265750000,265755000,0.021512891309057713,39.8,2021-12-13 22:51:11,55.576198,14.613254,3.7,4.0,0.6,3.3,6.0,31.5,3,part-00407-c95f162d-b789-41f7-88bb-629477da8384.c000.snappy.parquet
65,265750000,265755000,0.016010325393934058,29.7,2021-12-07 08:23:11,55.676676,14.62891,4.2,3.7,0.0,2.3,13.6,29.5,2,part-00121-c95f162d-b789-41f7-88bb-629477da8384.c000.snappy.parquet
65,265750000,265755000,0.019778351834159855,36.6,2021-12-14 10:07:42,55.480742,14.627321,4.0,3.8,1.3,2.1,30.0,21.0,5,part-00174-c95f162d-b789-41f7-88bb-629477da8384.c000.snappy.parquet
65,261002520,261018880,0.041222965492417364,76.3,2021-12-17 20:11:33,54.668386,14.31835,5.7,5.8,0.3,5.0,11.0,44.9,9,part-00223-c95f162d-b789-41f7-88bb-629477da8384.c000.snappy.parquet
60,265750000,265755000,0.02546460127113281,47.2,2021-12-14 16:32:11,55.667678,14.66953,2.2,2.0,-2.4,-1.2,5.0,4.7,6,part-00178-c95f162d-b789-41f7-88bb-629477da8384.c000.snappy.parquet
60,219017554,219021219,0.018350096434589024,34.0,2021-12-29 13:44:58,55.188672,14.702047,2.5,2.7,0.2,-3.7,59.1,69.2,27,part-00377-c95f162d-b789-41f7-88bb-629477da8384.c000.snappy.parquet
55,265755000,266315000,0.013825126103104903,25.6,2021-12-07 06:31:22,55.556886,14.35843,3.0,3.4,2.1,0.1,144.1,9.7,124,part-00120-c95f162d-b789-41f7-88bb-629477da8384.c000.snappy.parquet
50,219019287,219021428,0.0065314810940376574,12.1,2021-12-12 14:58:33,55.326832,15.047368,2.2,2.2,0.0,0.0,1.9,0.2,12,part-00021-c95f162d-b789-41f7-88bb-629477da8384.c000.snappy.parquet
50,265750000,265755000,0.04741241542526891,87.8,2021-12-12 14:56:29,55.557947,14.356529,4.5,5.3,0.0,0.7,3.4,81.7,5,part-00021-c95f162d-b789-41f7-88bb-629477da8384.c000.snappy.parquet
50,219023182,219027087,0.0018992964444717588,3.5,2021-12-13 14:24:57,55.061792,15.147688,3.6,3.7,-0.1,0.1,5.1,4.6,31,part-00034-c95f162d-b789-41f7-88bb-629477da8384.c000.snappy.parquet
50,265750000,265755000,0.009914530318058114,18.4,2021-12-13 22:04:37,55.554589,14.590149,2.3,2.4,0.5,1.9,38.9,29.2,6,part-00038-c95f162d-b789-41f7-88bb-629477da8384.c000.snappy.parquet
50,111265584,246684000,0.00503444632077169,9.3,2021-12-02 10:49:06,55.251789,14.418935,6.0,6.1,1.0,0.0,8.6,0.0,10,part-00058-c95f162d-b789-41f7-88bb-629477da8384.c000.snappy.parquet
50,231848000,257206000,0.0015671958250691232,2.9,2021-12-03 06:06:54,55.63107,12.974835,8.5,8.7,0.0,0.4,0.3,2.3,2,part-00068-c95f162d-b789-41f7-88bb-629477da8384.c000.snappy.parquet
50,111265584,230368000,0.006908987309024734,12.8,2021-12-03 13:50:23,55.528311,14.779298,19.0,19.4,0.0,0.0,0.5,0.2,11,part-00072-c95f162d-b789-41f7-88bb-629477da8384.c000.snappy.parquet
50,219019287,219021428,0.010541217257860499,19.5,2021-12-07 07:10:49,55.278468,15.328051,2.4,2.0,0.8,0.2,8.7,0.4,5,part-00120-c95f162d-b789-41f7-88bb-629477da8384.c000.snappy.parquet
50,219019287,219021428,0.006251892186115431,11.6,2021-12-07 14:18:23,55.167365,15.467579,4.3,2.1,1.6,0.0,7.1,1.7,11,part-00125-c95f162d-b789-41f7-88bb-629477da8384.c000.snappy.parquet
50,219019287,219021428,0.007148146359387871,13.2,2021-12-10 09:23:23,55.295731,15.281626,2.0,2.2,0.2,-0.1,3.0,2.0,31,part-00161-c95f162d-b789-41f7-88bb-629477da8384.c000.snappy.parquet
50,215973000,982156973,0.005972090957456367,11.1,2021-12-14 08:24:03,55.617405,15.368102,11.4,11.0,0.0,0.3,0.0,4.5,10,part-00173-c95f162d-b789-41f7-88bb-629477da8384.c000.snappy.parquet
50,219019287,219021428,0.0075827604264966176,14.0,2021-12-14 08:20:22,55.274332,15.06688,2.6,2.0,1.2,0.0,10.7,0.7,10,part-00173-c95f162d-b789-41f7-88bb-629477da8384.c000.snappy.parquet
50,219019287,219021428,0.006140180576326737,11.4,2021-12-14 15:06:31,55.311216,15.081389,2.1,2.3,-0.2,0.0,4.1,0.2,9,part-00177-c95f162d-b789-41f7-88bb-629477da8384.c000.snappy.parquet
50,230053260,265512660,0.00264626619766133,4.9,2021-12-17 11:01:10,55.684468,14.429889,6.0,6.1,0.0,0.1,0.0,0.8,2,part-00217-c95f162d-b789-41f7-88bb-629477da8384.c000.snappy.parquet
50,230053260,265512660,0.007539310239669005,14.0,2021-12-17 11:55:06,55.596591,14.390955,6.3,6.3,0.0,0.0,0.0,0.9,11,part-00218-c95f162d-b789-41f7-88bb-629477da8384.c000.snappy.parquet
50,219019287,219021428,0.008693204156437468,16.1,2021-12-17 12:51:33,55.015971,15.463806,2.5,2.0,0.7,0.2,8.8,2.3,12,part-00219-c95f162d-b789-41f7-88bb-629477da8384.c000.snappy.parquet
50,230053260,265812560,0.003373221465547984,6.2,2021-12-17 13:22:23,55.55961,14.366239,5.1,5.1,-0.1,0.0,0.0,1.0,30,part-00219-c95f162d-b789-41f7-88bb-629477da8384.c000.snappy.parquet
50,261018330,261018880,0.05309416365141635,98.3,2021-12-17 15:47:06,54.996748,14.119008,4.6,3.9,-0.7,0.3,4.2,44.0,59,part-00221-c95f162d-b789-41f7-88bb-629477da8384.c000.snappy.parquet
50,261002520,261018880,0.03388254558297047,62.8,2021-12-17 20:45:52,54.640305,14.338375,5.8,5.7,-0.4,0.8,2.8,50.5,9,part-00224-c95f162d-b789-41f7-88bb-629477da8384.c000.snappy.parquet
50,230053260,265812560,0.0029483717074833297,5.5,2021-12-18 08:57:39,55.497949,14.342269,5.3,5.4,0.0,0.1,0.9,1.2,56,part-00231-c95f162d-b789-41f7-88bb-629477da8384.c000.snappy.parquet
45,265750000,265755000,0.010845140679680355,20.1,2021-12-13 06:53:01,55.613031,14.48479,4.3,3.2,0.5,2.2,9.0,7.7,3,part-00029-c95f162d-b789-41f7-88bb-629477da8384.c000.snappy.parquet
45,265750000,265755000,0.030518294303526084,56.5,2021-12-06 18:26:14,55.273976,14.135077,6.1,6.4,0.6,4.7,1.5,19.1,9,part-00114-c95f162d-b789-41f7-88bb-629477da8384.c000.snappy.parquet
40,219019287,219021428,0.03193333014973887,59.1,2021-12-16 13:31:02,55.052481,15.283586,2.1,3.0,-2.0,-0.2,13.4,0.4,11,part-00205-c95f162d-b789-41f7-88bb-629477da8384.c000.snappy.parquet
30,219019287,219021428,0.012564888650337822,23.3,2021-12-11 07:50:01,55.288892,15.287156,3.4,2.1,1.3,0.1,2.1,2.7,18,part-00004-c95f162d-b789-41f7-88bb-629477da8384.c000.snappy.parquet
30,219019287,219021428,0.012683184376879342,23.5,2021-12-12 06:59:42,55.234183,15.152724,3.4,2.0,0.3,0.1,0.5,0.1,10,part-00016-c95f162d-b789-41f7-88bb-629477da8384.c000.snappy.parquet
30,265750000,265755000,0.012718984352665027,23.6,2021-12-12 16:51:52,55.640325,14.453759,3.6,2.7,1.0,1.5,5.1,6.6,3,part-00022-c95f162d-b789-41f7-88bb-629477da8384.c000.snappy.parquet
30,231848000,565835000,0.020370407977072232,37.7,2021-12-12 20:50:00,55.62102,12.988869,4.1,4.3,0.1,0.0,2.8,0.6,5,part-00024-c95f162d-b789-41f7-88bb-629477da8384.c000.snappy.parquet
30,219019287,219021428,0.01896271500195359,35.1,2021-12-13 07:00:02,55.241462,15.099639,3.0,2.0,0.1,0.1,1.2,1.2,3,part-00029-c95f162d-b789-41f7-88bb-629477da8384.c000.snappy.parquet
30,219019287,219021428,0.025186332280681595,46.6,2021-12-13 14:47:02,55.322954,15.022033,2.0,3.3,0.0,-0.3,1.7,0.1,3,part-00034-c95f162d-b789-41f7-88bb-629477da8384.c000.snappy.parquet
30,265750000,265755000,0.01220713784266832,22.6,2021-12-13 16:21:54,55.539724,14.533945,2.0,2.4,0.8,-0.2,5.4,1.6,18,part-00035-c95f162d-b789-41f7-88bb-629477da8384.c000.snappy.parquet
30,265750000,265755000,0.025288175007755192,46.8,2021-12-01 06:01:34,55.630449,14.602929,2.5,2.1,-0.7,-1.4,0.9,1.2,3,part-00042-c95f162d-b789-41f7-88bb-629477da8384.c000.snappy.parquet
30,111265584,636020229,0.024197313361991973,44.8,2021-12-02 10:35:06,55.385855,14.631164,9.0,10.5,-1.0,0.1,10.8,0.9,11,part-00057-c95f162d-b789-41f7-88bb-629477da8384.c000.snappy.parquet
30,219019287,219021428,0.028498397649012634,52.8,2021-12-03 15:52:11,55.248097,15.08823,3.4,3.6,-1.0,-0.1,19.1,0.8,8,part-00074-c95f162d-b789-41f7-88bb-629477da8384.c000.snappy.parquet
30,219028337,563255000,0.02375183721073169,44.0,2021-12-05 07:41:00,55.632632,12.973239,6.4,6.3,-0.2,0.0,5.8,0.2,4,part-00095-c95f162d-b789-41f7-88bb-629477da8384.c000.snappy.parquet
30,219028337,563255000,0.012204199430683365,22.6,2021-12-06 12:53:20,55.625946,12.981665,5.8,6.3,0.2,0.1,2.4,0.2,7,part-00111-c95f162d-b789-41f7-88bb-629477da8384.c000.snappy.parquet
30,111265584,230690000,0.01266682591023777,23.5,2021-12-06 14:38:40,55.649963,14.781273,12.0,12.2,0.0,0.0,0.0,0.2,9,part-00112-c95f162d-b789-41f7-88bb-629477da8384.c000.snappy.parquet
30,265750000,265755000,0.013771807440296055,25.5,2021-12-06 22:31:54,55.343286,13.866675,2.1,2.6,1.1,1.2,2.8,0.6,9,part-00116-c95f162d-b789-41f7-88bb-629477da8384.c000.snappy.parquet
30,265750000,265755000,0.014529791497298267,26.9,2021-12-07 18:54:05,55.593999,14.556868,3.3,2.7,0.6,1.1,10.1,9.5,4,part-00127-c95f162d-b789-41f7-88bb-629477da8384.c000.snappy.parquet
30,219019287,219021428,0.013050312219815102,24.2,2021-12-10 16:02:22,55.33066,15.283708,2.9,2.3,1.7,0.1,3.1,3.4,19,part-00165-c95f162d-b789-41f7-88bb-629477da8384.c000.snappy.parquet
30,265750000,265755000,0.027456237912948874,50.8,2021-12-14 06:10:41,55.557507,14.356539,5.5,3.9,0.3,-0.3,1.0,28.0,3,part-00172-c95f162d-b789-41f7-88bb-629477da8384.c000.snappy.parquet
30,265750000,265755000,0.01658767768345038,30.7,2021-12-14 18:02:52,55.661665,14.672753,2.7,3.1,0.4,1.1,14.7,12.7,4,part-00179-c95f162d-b789-41f7-88bb-629477da8384.c000.snappy.parquet
30,219012073,219028267,0.020129035595067103,37.3,2021-12-15 01:40:23,55.38742,13.772842,2.2,2.2,0.0,0.1,0.3,1.6,9,part-00183-c95f162d-b789-41f7-88bb-629477da8384.c000.snappy.parquet
30,219019287,219021428,0.02594460822470956,48.0,2021-12-16 07:20:33,55.04243,15.33183,3.7,2.0,0.5,0.0,3.1,1.7,14,part-00201-c95f162d-b789-41f7-88bb-629477da8384.c000.snappy.parquet
30,219019287,219021428,0.021043483585513282,39.0,2021-12-17 07:24:42,55.029,15.38521,2.0,2.0,-0.6,0.1,4.5,0.3,4,part-00215-c95f162d-b789-41f7-88bb-629477da8384.c000.snappy.parquet
30,230053260,265512660,0.018251263661021953,33.8,2021-12-17 08:50:08,55.893164,14.558619,5.7,6.0,-0.1,0.4,1.2,1.6,60,part-00216-c95f162d-b789-41f7-88bb-629477da8384.c000.snappy.parquet
30,265512660,265812560,0.019090440342413206,35.4,2021-12-17 13:09:51,55.557481,14.356353,2.5,3.5,0.1,0.7,0.5,1.7,3,part-00219-c95f162d-b789-41f7-88bb-629477da8384.c000.snappy.parquet
30,218809000,219028337,0.018201653156037223,33.7,2021-12-17 14:37:24,55.628596,12.978028,4.5,6.9,0.0,-0.5,0.3,1.7,9,part-00220-c95f162d-b789-41f7-88bb-629477da8384.c000.snappy.parquet
30,219012073,219028267,0.015149062773827363,28.1,2021-12-17 21:55:52,55.528485,14.374468,3.4,3.4,0.0,0.0,0.0,0.0,9,part-00224-c95f162d-b789-41f7-88bb-629477da8384.c000.snappy.parquet
30,219012073,219028267,0.013411623515497243,24.8,2021-12-17 22:22:23,55.505335,14.362189,3.3,3.3,0.1,0.0,0.1,0.1,10,part-00225-c95f162d-b789-41f7-88bb-629477da8384.c000.snappy.parquet
30,219012073,219028267,0.01436761789558032,26.6,2021-12-18 00:35:54,55.4016,14.260939,3.2,3.2,0.0,0.0,0.0,0.0,11,part-00226-c95f162d-b789-41f7-88bb-629477da8384.c000.snappy.parquet
30,219012073,219028267,0.013465088755570878,24.9,2021-12-18 02:31:33,55.360538,14.14679,2.2,2.2,0.0,-0.1,0.0,0.4,11,part-00227-c95f162d-b789-41f7-88bb-629477da8384.c000.snappy.parquet
30,219012073,219028267,0.01629386323075677,30.2,2021-12-18 04:46:33,55.369106,13.996198,2.3,2.3,0.0,0.1,0.0,0.0,20,part-00228-c95f162d-b789-41f7-88bb-629477da8384.c000.snappy.parquet
30,219012073,219028267,0.017133513736455934,31.7,2021-12-18 06:07:33,55.380272,13.907958,2.4,2.4,0.0,0.0,0.1,0.2,10,part-00229-c95f162d-b789-41f7-88bb-629477da8384.c000.snappy.parquet
30,219012073,219028267,0.017129435034375723,31.7,2021-12-18 07:25:31,55.391964,13.812149,2.8,2.8,0.0,0.0,0.0,0.0,9,part-00230-c95f162d-b789-41f7-88bb-629477da8384.c000.snappy.parquet
30,219012073,219028267,0.016673512854707,30.9,2021-12-18 08:33:30,55.411018,13.81047,3.1,2.8,0.1,-0.1,0.1,1.4,8,part-00231-c95f162d-b789-41f7-88bb-629477da8384.c000.snappy.parquet
30,219012073,219028267,0.01826966113903018,33.8,2021-12-20 03:27:14,55.417274,13.817157,2.0,2.1,0.0,0.0,0.6,3.3,11,part-00255-c95f162d-b789-41f7-88bb-629477da8384.c000.snappy.parquet
30,219012073,219028267,0.01571272790154344,29.1,2021-12-20 03:39:10,55.412092,13.808482,2.1,2.2,0.0,0.1,0.0,14.9,3,part-00256-c95f162d-b789-41f7-88bb-629477da8384.c000.snappy.parquet
30,111265584,265182000,0.012667769201340702,23.5,2021-12-20 11:28:31,55.501594,14.976392,9.0,10.0,0.0,0.9,0.5,2.2,11,part-00260-c95f162d-b789-41f7-88bb-629477da8384.c000.snappy.parquet
30,219028337,538005968,0.026238580109947836,48.6,2021-12-22 16:20:16,55.642146,13.009897,6.5,6.5,0.0,0.0,2.6,0.0,5,part-00290-c95f162d-b789-41f7-88bb-629477da8384.c000.snappy.parquet
30,220476000,565835000,0.02256181296516533,41.8,2021-12-28 15:50:39,55.618901,12.99256,2.0,2.0,-0.1,0.0,0.6,0.9,4,part-00366-c95f162d-b789-41f7-88bb-629477da8384.c000.snappy.parquet
30,111265584,305690000,0.020104327663836286,37.2,2021-12-30 10:17:26,55.496849,14.751956,15.0,10.3,0.0,0.0,5.6,0.1,10,part-00387-c95f162d-b789-41f7-88bb-629477da8384.c000.snappy.parquet
30,265750000,265755000,0.024719463995304673,45.8,2021-12-06 23:38:31,55.334789,13.87923,2.2,4.2,0.3,0.8,15.7,28.0,6,part-00423-c95f162d-b789-41f7-88bb-629477da8384.c000.snappy.parquet
30,219012073,219028267,0.014927125689262888,27.6,2021-12-17 23:39:02,55.445808,14.304874,3.1,3.2,-0.1,0.0,0.1,0.1,9,part-00425-c95f162d-b789-41f7-88bb-629477da8384.c000.snappy.parquet
25,219007671,219017081,0.04793075246576733,88.8,2021-12-02 09:46:08,55.098172,14.6924,2.3,4.6,2.3,-0.2,173.3,1.3,59,part-00057-c95f162d-b789-41f7-88bb-629477da8384.c000.snappy.parquet
25,231848000,257206000,0.04485099587675927,83.1,2021-12-03 16:56:32,55.623722,13.021766,6.4,2.4,3.0,0.5,6.6,6.3,11,part-00074-c95f162d-b789-41f7-88bb-629477da8384.c000.snappy.parquet
25,261004260,261007860,0.0374371794851667,69.3,2021-12-30 14:23:18,54.82465,15.363175,2.5,3.0,0.0,2.0,13.6,10.2,3,part-00389-c95f162d-b789-41f7-88bb-629477da8384.c000.snappy.parquet
10,219014427,219028312,0.03526559758167353,65.3,2021-12-11 09:29:57,55.251723,14.834681,19.5,9.1,-0.8,0.6,7.1,5.3,25,part-00005-c95f162d-b789-41f7-88bb-629477da8384.c000.snappy.parquet
10,219019287,219021428,0.030728503879309685,56.9,2021-12-11 15:40:29,55.265925,15.509691,2.4,2.7,0.7,-0.1,0.0,0.2,8,part-00009-c95f162d-b789-41f7-88bb-629477da8384.c000.snappy.parquet
10,231848000,565835000,0.031562235246730776,58.5,2021-12-12 07:56:23,55.632584,12.972215,5.8,5.7,0.0,0.0,0.0,0.4,9,part-00017-c95f162d-b789-41f7-88bb-629477da8384.c000.snappy.parquet
10,219028337,231848000,0.04062356972803147,75.2,2021-12-12 20:23:17,55.61735,13.002501,5.8,2.2,-0.1,0.0,0.6,2.3,9,part-00024-c95f162d-b789-41f7-88bb-629477da8384.c000.snappy.parquet
10,265750000,265755000,0.027918849689147606,51.7,2021-12-13 14:49:27,55.60045,14.547031,3.0,2.4,-0.9,-1.1,1.3,7.9,3,part-00034-c95f162d-b789-41f7-88bb-629477da8384.c000.snappy.parquet
10,219014875,266239000,0.030109384665921515,55.8,2021-12-02 09:22:08,55.625115,12.986238,2.2,2.5,-0.5,0.1,5.8,4.0,2,part-00057-c95f162d-b789-41f7-88bb-629477da8384.c000.snappy.parquet
10,219019287,219021428,0.03489696614986709,64.6,2021-12-03 06:31:02,55.257393,15.124408,3.1,2.0,-0.1,0.1,1.6,1.0,4,part-00068-c95f162d-b789-41f7-88bb-629477da8384.c000.snappy.parquet
10,219019287,219021428,0.02914914976764592,54.0,2021-12-03 11:22:58,55.293536,15.11518,2.2,2.1,0.0,0.0,4.5,0.6,2,part-00071-c95f162d-b789-41f7-88bb-629477da8384.c000.snappy.parquet
10,219019287,219021428,0.02796530651309812,51.8,2021-12-03 12:46:56,55.284127,15.119858,3.9,2.0,0.5,0.2,6.4,1.5,5,part-00072-c95f162d-b789-41f7-88bb-629477da8384.c000.snappy.parquet
10,219019287,219021428,0.038584056936205494,71.5,2021-12-04 06:47:42,55.235366,15.147789,3.1,2.0,0.4,0.0,4.4,0.1,9,part-00081-c95f162d-b789-41f7-88bb-629477da8384.c000.snappy.parquet
10,219019287,219021428,0.03021892295555173,56.0,2021-12-04 14:33:43,55.328856,15.050832,2.0,3.3,-1.5,-0.1,2.0,0.1,10,part-00086-c95f162d-b789-41f7-88bb-629477da8384.c000.snappy.parquet
10,219028337,265413000,0.03869204600513148,71.7,2021-12-05 03:15:11,55.621356,12.988311,2.0,2.0,0.1,0.1,0.1,2.1,4,part-00092-c95f162d-b789-41f7-88bb-629477da8384.c000.snappy.parquet
10,219000852,219025221,0.05347862224222469,99.0,2021-12-06 17:23:27,55.095968,14.689015,5.2,4.3,0.0,0.1,9.1,2.8,3,part-00113-c95f162d-b789-41f7-88bb-629477da8384.c000.snappy.parquet
10,219019287,219021428,0.030546757689457044,56.6,2021-12-07 14:08:11,55.171319,15.469612,2.3,2.5,0.1,-0.6,32.8,1.3,9,part-00124-c95f162d-b789-41f7-88bb-629477da8384.c000.snappy.parquet
10,265750000,265755000,0.027045440744083056,50.1,2021-12-07 17:37:05,55.586827,14.574405,3.0,2.4,-0.6,-1.9,2.2,10.4,3,part-00126-c95f162d-b789-41f7-88bb-629477da8384.c000.snappy.parquet
10,265750000,265755000,0.028424601307764814,52.6,2021-12-08 00:45:41,55.588209,14.597407,3.7,2.8,0.0,-1.0,15.5,1.2,2,part-00130-c95f162d-b789-41f7-88bb-629477da8384.c000.snappy.parquet
10,265750000,265755000,0.028949791167119224,53.6,2021-12-14 04:05:59,55.566027,14.68226,3.7,3.5,-0.4,-0.2,5.3,7.3,4,part-00171-c95f162d-b789-41f7-88bb-629477da8384.c000.snappy.parquet
10,219028337,538005968,0.04388938719549844,81.3,2021-12-14 13:55:20,55.64579,13.002205,6.0,5.9,0.0,0.0,0.0,0.7,4,part-00177-c95f162d-b789-41f7-88bb-629477da8384.c000.snappy.parquet
10,231848000,538005968,0.03350616715483331,62.1,2021-12-14 13:59:16,55.642964,13.008069,3.7,3.7,0.0,0.0,0.6,0.0,1,part-00177-c95f162d-b789-41f7-88bb-629477da8384.c000.snappy.parquet
10,219012073,219028267,0.028570199864603872,52.9,2021-12-15 02:37:23,55.394801,13.77698,2.2,2.6,0.0,1.8,0.9,174.9,4,part-00184-c95f162d-b789-41f7-88bb-629477da8384.c000.snappy.parquet
10,265750000,265755000,0.027150445539907093,50.3,2021-12-15 02:57:28,55.609391,14.605864,2.0,2.2,-0.8,-0.5,3.4,6.5,3,part-00184-c95f162d-b789-41f7-88bb-629477da8384.c000.snappy.parquet
10,219012073,219028267,0.03079972437932888,57.0,2021-12-15 05:08:00,55.418428,13.819479,2.1,2.7,0.0,-0.1,1.1,0.3,3,part-00185-c95f162d-b789-41f7-88bb-629477da8384.c000.snappy.parquet
10,219012073,219028267,0.029222884482393494,54.1,2021-12-16 14:26:34,55.411176,13.809824,3.7,3.7,0.0,0.0,0.7,0.1,12,part-00206-c95f162d-b789-41f7-88bb-629477da8384.c000.snappy.parquet
10,111265584,265182000,0.0351768345014836,65.1,2021-12-20 11:48:42,55.530508,15.051499,10.0,9.7,-1.0,0.3,0.5,0.9,12,part-00261-c95f162d-b789-41f7-88bb-629477da8384.c000.snappy.parquet
10,246743000,265625700,0.03739523560085169,69.3,2021-12-20 15:31:41,55.624011,12.997118,3.5,3.5,0.0,0.0,0.0,1.1,8,part-00263-c95f162d-b789-41f7-88bb-629477da8384.c000.snappy.parquet
10,219028337,220476000,0.04410296836649248,81.7,2021-12-22 15:15:56,55.63829,13.015639,7.1,2.0,-0.3,-0.2,3.2,0.6,3,part-00289-c95f162d-b789-41f7-88bb-629477da8384.c000.snappy.parquet
10,261001010,261006320,0.030824594596351798,57.1,2021-12-23 10:27:13,55.122052,14.65385,5.1,2.8,0.0,1.1,0.0,139.2,4,part-00300-c95f162d-b789-41f7-88bb-629477da8384.c000.snappy.parquet
10,220476000,565835000,0.027816357030232018,51.5,2021-12-29 20:47:51,55.62155,12.988008,3.7,3.8,0.1,0.1,1.0,0.2,2,part-00381-c95f162d-b789-41f7-88bb-629477da8384.c000.snappy.parquet
-5,219007671,219017081,0.044692831295086985,82.8,2021-12-22 09:28:11,55.098653,14.692193,2.2,4.8,2.1,0.5,41.4,1.9,146,part-00286-c95f162d-b789-41f7-88bb-629477da8384.c000.snappy.parquet
